epoch,steps,cos_sim-Accuracy@1,cos_sim-Accuracy@3,cos_sim-Accuracy@5,cos_sim-Accuracy@10,cos_sim-Precision@1,cos_sim-Recall@1,cos_sim-Precision@2,cos_sim-Recall@2,cos_sim-Precision@5,cos_sim-Recall@5,cos_sim-Precision@10,cos_sim-Recall@10,cos_sim-Precision@25,cos_sim-Recall@25,cos_sim-MRR@10,cos_sim-NDCG@1,cos_sim-NDCG@2,cos_sim-NDCG@5,cos_sim-NDCG@10,cos_sim-MAP@1,cos_sim-MAP@2,cos_sim-MAP@5,cos_sim-MAP@10
-1,-1,0.2708645677161419,0.4367816091954023,0.49725137431284355,0.5932033983008496,0.2708645677161419,0.08605774715069833,0.21764117941029484,0.1312476956221939,0.1372313843078461,0.18784800896637058,0.09185407296351825,0.23605613479457588,0.04995502248875563,0.2932089650622632,0.3701361620776919,0.2708645677161419,0.23895360498019236,0.22326867338495782,0.23178391810102378,0.2708645677161419,0.2035232383808096,0.16226733855294576,0.15776194055277726
