epoch,steps,cos_sim-Accuracy@1,cos_sim-Accuracy@3,cos_sim-Accuracy@5,cos_sim-Accuracy@10,cos_sim-Precision@1,cos_sim-Recall@1,cos_sim-Precision@2,cos_sim-Recall@2,cos_sim-Precision@5,cos_sim-Recall@5,cos_sim-Precision@10,cos_sim-Recall@10,cos_sim-Precision@100,cos_sim-Recall@100,cos_sim-Precision@300,cos_sim-Recall@300,cos_sim-MRR@10,cos_sim-NDCG@5,cos_sim-NDCG@10,cos_sim-MAP@1,cos_sim-MAP@2,cos_sim-MAP@5,cos_sim-MAP@10,cos_sim-MAP@100
-1,-1,0.08563134978229318,0.15384615384615385,0.1806966618287373,0.22496371552975328,0.08563134978229318,0.06464971087612596,0.06894049346879536,0.10010597369087934,0.04194484760522497,0.15436335153316283,0.027358490566037737,0.1995645863570392,0.005217706821480406,0.39284504803372733,0.002106918238993711,0.48117935523595906,0.12738613587670192,0.12010502809961934,0.13579827398117802,0.08563134978229318,0.08907837445573295,0.10193214804063862,0.10901120567562615,0.11698192091071577
